model,calibration,accuracy,log_loss,mean_brier
Logistic,Isotonic,0.6071428571428571,1.0153912009277268,0.19339330369441185
Logistic,Platt,0.6160714285714286,0.9356960816007938,0.18417866638060976
Logistic,raw,0.6071428571428571,0.9486377637066393,0.1862870225444717
RandomForest,Isotonic,0.5625,0.9747178840256956,0.18793155725083488
RandomForest,Platt,0.6071428571428571,0.939916616004974,0.18402850632867676
RandomForest,raw,0.5714285714285714,0.9918768517404575,0.19254652380952378
XGBoost,Isotonic,0.5625,1.5807545488225192,0.19178523575034145
XGBoost,Platt,0.5892857142857143,0.9549759797856352,0.1878428098852097
XGBoost,raw,0.5267857142857143,1.2208243802502128,0.21624181085251268
