model,calibration,accuracy,log_loss,mean_brier
Logistic,Isotonic,0.5535714285714286,0.9963198651260002,0.19797035857660264
Logistic,Platt,0.5714285714285714,0.9769265595026057,0.19436685633599435
Logistic,raw,0.5446428571428571,0.9894372021471302,0.1967781286420359
RandomForest,Isotonic,0.625,0.8697131877086838,0.17335990545722701
RandomForest,Platt,0.5803571428571429,0.9132838635172151,0.17943598497009927
RandomForest,raw,0.6339285714285714,0.844960632393536,0.16753472596094643
XGBoost,Isotonic,0.6339285714285714,0.8083735371638816,0.16047000077337878
XGBoost,Platt,0.6517857142857143,0.8386347290427698,0.16244571584520487
XGBoost,raw,0.6785714285714286,0.6840029424177215,0.1381984479766367
