model,calibration,accuracy,log_loss,mean_brier
Logistic,Isotonic,0.607143,1.015391,0.193393
Logistic,Platt,0.616071,0.935696,0.184179
Logistic,raw,0.607143,0.948638,0.186287
RandomForest,Isotonic,0.616071,1.831007,0.180191
RandomForest,Platt,0.616071,0.911123,0.177093
RandomForest,raw,0.625000,0.911114,0.177069
XGBoost,Isotonic,0.607143,1.554426,0.179835
XGBoost,Platt,0.633929,0.908394,0.175511
XGBoost,raw,0.616071,0.907737,0.175503
