outcome,RMSE_model_vs_book,MAE_model_vs_book
H,0.20713061471245411,0.1699242811075819
D,0.16698963896947608,0.1350691070925257
A,0.17962676797876423,0.14796453412374186
