outcome,RMSE_model_vs_book,MAE_model_vs_book
H,0.13509055650775448,0.11091288788331154
D,0.0620174431200273,0.0483870398209633
A,0.11914738387861323,0.09777757722357043
