outcome,RMSE_model_vs_book,MAE_model_vs_book
H,0.207131,0.169924
D,0.166990,0.135069
A,0.179627,0.147965
