outcome,RMSE_model_vs_book,MAE_model_vs_book
H,0.11354421314910754,0.09107315403290066
D,0.04695454537573083,0.037118945811259026
A,0.11330540295711285,0.08788686087984805
